vehicle_weight,horsepower,miles_per_gallon
3504,130,18
3693,165,15
3436,,18
3433,150,16
3449,140,17
4341,198,15
4354,,14
4312,215,14
4425,225,14
3850,190,15
3563,,15
3609,160,14
3761,150,15
3086,,14
2372,95,24
2833,95,22
2774,,18
2587,85,21
2130,88,27
1835,46,26
2672,,25
2430,90,24
2375,95,25
2234,113,26
2648,90,21
4615,215,10
4376,200,10
4382,,11
4732,193,9
2130,88,27
2264,90,28
2228,95,25
2046,125,25
2634,100,19
3439,,16
3329,100,17
3302,88,19
3288,100,18
4209,165,14
4464,,14
4154,153,14
4096,150,14
4955,180,12
4746,170,13
5140,,13
2962,110,18
2408,72,22
3282,,19
3139,88,18
2220,86,23
2123,90,28
2074,70,30
2065,,30
1773,65,31
1613,69,35
1834,60,27
1955,,26
2278,95,24
2126,80,25
2254,,23
2408,90,20
2226,86,21
4274,165,13
4385,,14
4135,150,15
4129,153,14
3672,,17
4633,208,11
4502,155,13
4456,,12
4422,190,13
2330,97,19
3892,150,15
4098,130,13
4294,140,13
4077,,14
2933,112,18
2511,76,22
2979,87,21
2189,69,26
2395,,22
2288,92,28
2506,97,23
2164,80,28
2100,88,27
4100,,13
3672,150,14
3988,145,13
4042,137,14
3777,,15
4952,198,12
4464,150,13
4363,158,13
4237,150,14
4735,,13
4951,225,12
3821,175,13
3121,,18
3278,100,16
2945,,18
3021,88,18
2904,95,23
1950,46,26
4997,,11
4906,167,12
4654,170,13
4499,,12
2789,100,18
2279,88,20
2401,72,21
2379,94,22
2124,,18
2310,85,19
2472,107,21
2265,90,26
4082,145,15
4278,230,16
1867,49,29
2158,75,24
2582,91,20
2868,112,19
3399,150,15
2660,110,24
2807,,20
3664,180,11
3102,,20
2875,121,21
2901,,19
3336,100,15
1950,67,31
2451,80,26
1836,65,32
2542,,25
3781,100,16
3632,,16
3613,105,18
4141,140,16
4699,150,13
4457,,14
4638,140,14
4257,150,14
2219,,29
1963,67,26
2300,78,26
1649,52,31
2003,,32
2125,75,28
2108,75,24
2246,75,26
2489,97,24
2391,,26
2000,67,31
3264,95,19
3459,105,18
3432,72,15
3158,,15
4668,170,16
4440,145,15
4498,150,16
4657,,14
3907,110,17
3897,105,16
3730,110,15
3785,95,18
3039,110,21
3221,,20
3169,129,13
2171,75,29
2639,83,23
2914,100,20
2592,78,23
2702,,24
2223,71,25
2545,97,24
2984,97,18
1937,70,29
3211,90,19
2694,95,23
2957,88,23
2945,,22
2671,115,25
1795,53,33
2464,86,28
2220,81,25
2572,92,25
2255,79,26
2202,,27
4215,140,17.5
4190,150,16
3962,,15.5
4215,152,14.5
3233,100,22
3353,,22
3012,81,24
3085,,22.5
2035,52,29
2164,60,24.5
1937,,29
1795,53,33
3651,100,20
3574,78,18
3645,110,18.5
3193,95,17.5
1825,,29.5
1990,70,32
2155,,28
2565,72,26.5
3150,102,20
3940,,13
3270,88,19
2930,,19
3820,120,16.5
4380,180,16.5
4055,145,13
3870,,13
3755,150,13
2045,68,31.5
2155,80,30
1825,58,36
2300,96,25.5
1945,70,33.5
3880,,17.5
4060,110,17
4140,145,15.5
4295,,15
3520,110,17.5
3425,105,20.5
3630,,19
3525,98,18.5
4220,180,16
4165,170,15.5
4325,190,15.5
4335,,16
1940,,29
2740,,24.5
2265,,26
2755,,25.5
2051,,30.5
2075,,33.5
1985,,30
2190,78,30.5
2815,97,22
2600,110,21.5
2720,110,21.5
1985,48,43.1
1800,66,36.1
1985,52,32.8
2070,70,39.4
1800,60,36.1
3365,110,19.9
3735,140,19.4
3570,139,20.2
3535,105,19.2
3155,95,20.5
2965,85,20.2
2720,88,25.1
3430,100,20.5
3210,90,19.4
3380,105,20.6
3070,85,20.8
3620,110,18.6
3410,120,18.1
3425,145,19.2
3445,165,17.7
3205,139,18.1
4080,140,17.5
2155,68,30
2560,95,27.5
2300,97,27.2
2230,75,30.9
2515,95,21.1
2745,,23.2
2855,,23.8
2405,97,23.9
2830,103,20.3
3140,125,17
2795,115,21.6
3410,,16.2
1990,,31.5
2135,,29.5
3245,,21.5
2990,85,19.8
2890,88,22.3
3265,90,20.2
3360,110,20.6
3840,130,17
3725,129,17.6
3955,138,16.5
3830,135,18.2
4360,155,16.9
4054,142,15.5
3605,125,19.2
3940,150,18.5
1925,71,31.9
1975,65,34.1
1915,80,35.7
2670,80,27.4
3530,77,25.4
3900,125,23
3190,71,27.2
3420,90,23.9
2200,70,34.2
2150,70,34.5
2020,65,31.8
2130,69,37.3
2670,90,28.4
2595,115,28.8
2700,115,26.8
2556,90,33.5
2144,76,41.5
1968,60,38.1
2120,70,32.1
2019,65,37.2
2678,90,28
2870,88,26.4
3003,90,24.3
3381,90,19.1
2188,78,34.3
2711,90,29.8
2542,,31.3
2434,,37
2265,,32.2
2110,65,46.6
2800,105,27.9
2110,65,40.8
2085,48,44.3
2335,48,43.4
2950,67,36.4
3250,67,30
1850,67,44.6
1835,67,40.9
2145,67,33.8
1845,62,29.8
2910,132,32.7
2420,100,23.7
2500,88,35
2905,80,23.6
2290,,32.4
2490,,27.2
2635,,26.6
2620,,25.8
2725,110,23.5
2385,84,30
1755,58,39.1
1875,64,39
1760,60,35.1
2065,67,32.3
1975,65,37
2050,62,37.7
1985,68,34.1
2215,63,34.7
2045,65,34.4
2380,65,29.9
2190,74,33
2320,75,34.5
2210,75,33.7
2350,75,32.4
2615,100,32.9
2635,74,31.6
3230,80,28.1
3160,,30.7
2900,116,25.4
2930,120,24.2
3415,,22.4
3725,,26.6
3060,,20.2
3465,85,17.6
2605,88,28
2640,88,27
2395,88,34
2575,85,31
2525,84,29
2735,,27
2865,,24
3035,,23
1980,,36
2025,68,37
1970,68,31
2125,63,38
2125,70,36
2160,88,36
2205,75,36
2245,70,34
1965,,38
1965,67,32
1995,67,38
2945,,25
3015,85,38
2585,92,26
2835,112,22
2665,96,32
2370,,36
2950,90,27
2790,86,27
2130,52,44
2295,,32
2625,79,28
2720,82,31
